"","pubmed_label","pmid"
"1","systematic_review","31844836"
"2","systematic_review","31489176"
"3","systematic_review","31281635"
"4","systematic_review","31249668"
"5","systematic_review","30894873"
"6","systematic_review","30854470"
"7","systematic_review","30828428"
"8","systematic_review","30815193"
"9","systematic_review","30806281"
"10","systematic_review","30800285"
"11","systematic_review","30766600"
"12","systematic_review","30727868"
"13","systematic_review","30719437"
"14","systematic_review","30710471"
"15","systematic_review","30698569"
"16","systematic_review","30693288"
"17","systematic_review","30693023"
"18","systematic_review","30687736"
"19","systematic_review","30671477"
"20","systematic_review","30668210"
"21","systematic_review","30664443"
"22","systematic_review","30663550"
"23","systematic_review","30662912"
"24","systematic_review","30652030"
"25","systematic_review","30648108"
"26","systematic_review","30643818"
"27","systematic_review","30643797"
"28","systematic_review","30638348"
"29","systematic_review","30631440"
"30","systematic_review","30631593"
"31","systematic_review","30631437"
"32","systematic_review","30630321"
"33","systematic_review","30627549"
"34","systematic_review","30627062"
"35","systematic_review","30622967"
"36","systematic_review","30622957"
"37","systematic_review","30619323"
"38","systematic_review","30612461"
"39","systematic_review","30605439"
"40","systematic_review","30598708"
"41","systematic_review","30596754"
"42","systematic_review","30596732"
"43","systematic_review","30596096"
"44","systematic_review","30596092"
"45","systematic_review","30592741"
"46","systematic_review","30592739"
"47","systematic_review","30586451"
"48","systematic_review","30586435"
"49","systematic_review","30586389"
"50","systematic_review","30582407"
"51","systematic_review","30581511"
"52","systematic_review","30580867"
"53","systematic_review","30574604"
"54","systematic_review","30571792"
"55","systematic_review","30571754"
"56","systematic_review","30566740"
"57","systematic_review","30566527"
"58","systematic_review","30564795"
"59","systematic_review","30564794"
"60","systematic_review","30562746"
"61","systematic_review","30562387"
"62","systematic_review","30557396"
"63","systematic_review","30557392"
"64","systematic_review","30557381"
"65","systematic_review","30557311"
"66","systematic_review","30555465"
"67","systematic_review","30550574"
"68","systematic_review","30548018"
"69","systematic_review","30543644"
"70","systematic_review","30540061"
"71","systematic_review","30539010"
"72","systematic_review","30538784"
"73","systematic_review","30538443"
"74","systematic_review","30537760"
"75","systematic_review","30534560"
"76","systematic_review","30534554"
"77","systematic_review","30533427"
"78","systematic_review","30533033"
"79","systematic_review","30533015"
"80","systematic_review","30532521"
"81","systematic_review","30532233"
"82","systematic_review","30532145"
"83","systematic_review","30531161"
"84","systematic_review","30531160"
"85","systematic_review","30522126"
"86","systematic_review","30521577"
"87","systematic_review","30521568"
"88","systematic_review","30521556"
"89","systematic_review","30519012"
"90","systematic_review","30518235"
"91","systematic_review","30507957"
"92","systematic_review","30507942"
"93","systematic_review","30507575"
"94","systematic_review","30504699"
"95","systematic_review","30517929"
"96","systematic_review","30517919"
"97","systematic_review","30517917"
"98","systematic_review","30517196"
"99","systematic_review","30517178"
"100","systematic_review","30517168"
"101","systematic_review","30517165"
"102","systematic_review","30515408"
"103","systematic_review","30515071"
"104","systematic_review","30513118"
"105","systematic_review","30510399"
"106","systematic_review","30505340"
"107","systematic_review","30496308"
"108","systematic_review","30496228"
"109","systematic_review","30496217"
"110","systematic_review","30485934"
"111","systematic_review","30485305"
"112","systematic_review","30482103"
"113","systematic_review","30481755"
"114","systematic_review","30481227"
"115","systematic_review","30479666"
"116","systematic_review","30475890"
"117","systematic_review","30473742"
"118","systematic_review","30473692"
"119","systematic_review","30471657"
"120","systematic_review","30467431"
"121","systematic_review","30466099"
"122","systematic_review","30466079"
"123","systematic_review","30464761"
"124","systematic_review","30464448"
"125","systematic_review","30464439"
"126","systematic_review","30464429"
"127","systematic_review","35047677"
"128","systematic_review","30462699"
"129","systematic_review","30462656"
"130","systematic_review","30462648"
"131","systematic_review","30460352"
"132","systematic_review","30457993"
"133","systematic_review","30457047"
"134","systematic_review","30455744"
"135","systematic_review","30452419"
"136","systematic_review","30452410"
"137","systematic_review","30449742"
"138","systematic_review","30449741"
"139","systematic_review","30449261"
"140","systematic_review","30446189"
"141","systematic_review","30444924"
"142","systematic_review","30444486"
"143","systematic_review","30440040"
"144","systematic_review","30440022"
"145","systematic_review","30440020"
"146","systematic_review","30440006"
"147","systematic_review","30439995"
"148","systematic_review","30439968"
"149","systematic_review","30430522"
"150","systematic_review","30428728"
"151","systematic_review","33884125"
"152","systematic_review","30427889"
"153","systematic_review","30427874"
"154","systematic_review","30426017"
"155","systematic_review","30426004"
"156","systematic_review","30425461"
"157","systematic_review","30421416"
"158","systematic_review","30420959"
"159","systematic_review","30419059"
"160","systematic_review","30418984"
"161","systematic_review","30417782"
"162","systematic_review","30414592"
"163","systematic_review","30412639"
"164","systematic_review","30412622"
"165","systematic_review","30412509"
"166","systematic_review","30412486"
"167","systematic_review","30410873"
"168","systematic_review","30408039"
"169","systematic_review","30405860"
"170","systematic_review","30403710"
"171","systematic_review","30403687"
"172","systematic_review","30402281"
"173","systematic_review","30402198"
"174","systematic_review","30400123"
"175","systematic_review","30400112"
"176","systematic_review","30400094"
"177","systematic_review","30395785"
"178","systematic_review","30395599"
"179","systematic_review","30394140"
"180","systematic_review","30392514"
"181","systematic_review","30388164"
"182","systematic_review","30388155"
"183","systematic_review","30388151"
"184","systematic_review","30387692"
"185","systematic_review","30386556"
"186","systematic_review","30384004"
"187","systematic_review","30383864"
"188","systematic_review","30383843"
"189","systematic_review","30380555"
"190","systematic_review","30380531"
"191","systematic_review","30379944"
"192","systematic_review","30379900"
"193","systematic_review","30379884"
"194","systematic_review","30379859"
"195","systematic_review","30373405"
"196","systematic_review","30372690"
"197","systematic_review","30372436"
"198","systematic_review","30370306"
"199","systematic_review","30368490"
"200","systematic_review","30368430"
"201","systematic_review","30365567"
"202","systematic_review","30365564"
"203","systematic_review","30356409"
"204","systematic_review","30352660"
"205","systematic_review","30352097"
"206","systematic_review","30352083"
"207","systematic_review","30352012"
"208","systematic_review","30349908"
"209","systematic_review","30349230"
"210","systematic_review","30349228"
"211","systematic_review","30349218"
"212","systematic_review","30349217"
"213","systematic_review","30347617"
"214","systematic_review","30346958"
"215","systematic_review","30345301"
"216","systematic_review","30343304"
"217","systematic_review","30342562"
"218","systematic_review","30339685"
"219","systematic_review","30339676"
"220","systematic_review","30336463"
"221","systematic_review","30335861"
"222","systematic_review","30335812"
"223","systematic_review","30335792"
"224","systematic_review","30335780"
"225","systematic_review","35047675"
"226","systematic_review","30332485"
"227","systematic_review","30326420"
"228","systematic_review","30323582"
"229","systematic_review","30323563"
"230","systematic_review","30321243"
"231","systematic_review","30321221"
"232","systematic_review","30321219"
"233","systematic_review","30321198"
"234","systematic_review","30321193"
"235","systematic_review","30320579"
"236","systematic_review","30320044"
"237","systematic_review","30318106"
"238","systematic_review","30318063"
"239","systematic_review","33500993"
"240","systematic_review","30312325"
"241","systematic_review","30312319"
"242","systematic_review","30308067"
"243","systematic_review","30307953"
"244","systematic_review","30307758"
"245","systematic_review","30304052"
"246","systematic_review","30303996"
"247","systematic_review","30300876"
"248","systematic_review","30300401"
"249","systematic_review","30300379"
"250","systematic_review","30300377"
"251","systematic_review","30300128"
"252","systematic_review","30296954"
"253","systematic_review","30296950"
"254","systematic_review","31832252"
"255","systematic_review","30289928"
"256","systematic_review","30289912"
"257","systematic_review","30289283"
"258","systematic_review","30288257"
"259","systematic_review","30286463"
"260","systematic_review","30286166"
"261","systematic_review","30286161"
"262","systematic_review","30286144"
"263","systematic_review","30286122"
"264","systematic_review","30283455"
"265","systematic_review","30281631"
"266","systematic_review","30281591"
"267","systematic_review","30278872"
"268","systematic_review","35519010"
"269","systematic_review","30278478"
"270","systematic_review","30278434"
"271","systematic_review","30278066"
"272","systematic_review","30277146"
"273","systematic_review","30275916"
"274","systematic_review","30275842"
"275","systematic_review","30273409"
"276","systematic_review","30273390"
"277","systematic_review","30269683"
"278","systematic_review","30265701"
"279","systematic_review","30264825"
"280","systematic_review","30261057"
"281","systematic_review","30260991"
"282","systematic_review","30258567"
"283","systematic_review","30256833"
"284","systematic_review","30256829"
"285","systematic_review","30256821"
"286","systematic_review","30255739"
"287","systematic_review","30255730"
"288","systematic_review","30255101"
"289","systematic_review","30254644"
"290","systematic_review","30254638"
"291","systematic_review","30253966"
"292","systematic_review","30253387"
"293","systematic_review","30252883"
"294","systematic_review","30252864"
"295","systematic_review","30251248"
"296","systematic_review","30250657"
"297","systematic_review","30248670"
"298","systematic_review","30246181"
"299","systematic_review","30246002"
"300","systematic_review","30245784"
"301","systematic_review","30240443"
"302","systematic_review","30240417"
"303","systematic_review","30240277"
"304","systematic_review","30237870"
"305","systematic_review","30235340"
"306","systematic_review","30235242"
"307","systematic_review","30233168"
"308","systematic_review","30231176"
"309","systematic_review","30231052"
"310","systematic_review","30229552"
"311","systematic_review","30226894"
"312","systematic_review","30224936"
"313","systematic_review","30224596"
"314","systematic_review","30224217"
"315","systematic_review","30223412"
"316","systematic_review","30223405"
"317","systematic_review","30218900"
"318","systematic_review","30217648"
"319","systematic_review","30215467"
"320","systematic_review","30215449"
"321","systematic_review","30214470"
"322","systematic_review","30214187"
"323","systematic_review","30214170"
"324","systematic_review","30213235"
"325","systematic_review","30212540"
"326","systematic_review","30212514"
"327","systematic_review","30212487"
"328","systematic_review","30210792"
"329","systematic_review","30208073"
"330","systematic_review","30205389"
"331","systematic_review","30205375"
"332","systematic_review","30204803"
"333","systematic_review","30204791"
"334","systematic_review","30204790"
"335","systematic_review","30204785"
"336","systematic_review","30201557"
"337","systematic_review","30201060"
"338","systematic_review","30199856"
"339","systematic_review","30199328"
"340","systematic_review","30199049"
"341","systematic_review","30198413"
"342","systematic_review","30196052"
"343","systematic_review","30192868"
"344","systematic_review","30192819"
"345","systematic_review","30192781"
"346","systematic_review","30192723"
"347","systematic_review","30191482"
"348","systematic_review","30189449"
"349","systematic_review","30189422"
"350","systematic_review","30188927"
"351","systematic_review","30186369"
"352","systematic_review","35047676"
"353","systematic_review","30184547"
"354","systematic_review","30184525"
"355","systematic_review","30183763"
"356","systematic_review","30183742"
"357","systematic_review","30182741"
"358","systematic_review","30182543"
"359","systematic_review","30180206"
"360","systematic_review","30180202"
"361","systematic_review","30180198"
"362","systematic_review","30177453"
"363","systematic_review","30177452"
"364","systematic_review","30177309"
"365","systematic_review","30175328"
"366","systematic_review","30175121"
"367","systematic_review","30174699"
"368","systematic_review","30174432"
"369","systematic_review","30173219"
"370","systematic_review","30172176"
"371","systematic_review","30168515"
"372","systematic_review","30161246"
"373","systematic_review","30161245"
"374","systematic_review","30161242"
"375","systematic_review","30161201"
"376","systematic_review","30161151"
"377","systematic_review","30161139"
"378","systematic_review","30159323"
"379","systematic_review","30157250"
"380","systematic_review","30157207"
"381","systematic_review","30156145"
"382","systematic_review","30153669"
"383","systematic_review","30153605"
"384","systematic_review","30153301"
"385","systematic_review","30153253"
"386","systematic_review","30152638"
"387","systematic_review","30151119"
"388","systematic_review","30149851"
"389","systematic_review","30149446"
"390","systematic_review","30149382"
"391","systematic_review","30147868"
"392","systematic_review","30147443"
"393","systematic_review","30147015"
"394","systematic_review","30146057"
"395","systematic_review","30145943"
"396","systematic_review","30142199"
"397","systematic_review","30142181"
"398","systematic_review","30139425"
"399","systematic_review","30138325"
"400","systematic_review","30134237"
"401","systematic_review","30133482"
"402","systematic_review","30130463"
"403","systematic_review","30129418"
"404","systematic_review","30125532"
"405","systematic_review","30124161"
"406","systematic_review","30122902"
"407","systematic_review","30122895"
"408","systematic_review","30122522"
"409","systematic_review","30121969"
"410","systematic_review","30121657"
"411","systematic_review","30119907"
"412","systematic_review","30114269"
"413","systematic_review","30114238"
"414","systematic_review","30114212"
"415","systematic_review","30112408"
"416","systematic_review","30112387"
"417","systematic_review","30112011"
"418","systematic_review","30110333"
"419","systematic_review","30109304"
"420","systematic_review","30109302"
"421","systematic_review","30109301"
"422","systematic_review","30109300"
"423","systematic_review","30107937"
"424","systematic_review","30105249"
"425","systematic_review","30105021"
"426","systematic_review","30104940"
"427","systematic_review","30104934"
"428","systematic_review","30104930"
"429","systematic_review","30104917"
"430","systematic_review","30103326"
"431","systematic_review","30103314"
"432","systematic_review","30100962"
"433","systematic_review","30098834"
"434","systematic_review","30096171"
"435","systematic_review","30096154"
"436","systematic_review","30092719"
"437","systematic_review","30092585"
"438","systematic_review","30092081"
"439","systematic_review","30092073"
"440","systematic_review","30091417"
"441","systematic_review","30081705"
"442","systematic_review","30077421"
"443","systematic_review","30071052"
"444","systematic_review","30071028"
"445","systematic_review","30071021"
"446","systematic_review","30069274"
"447","systematic_review","30067783"
"448","systematic_review","30067777"
"449","systematic_review","30065787"
"450","systematic_review","30064931"
"451","systematic_review","30062401"
"452","systematic_review","30060938"
"453","systematic_review","30059546"
"454","systematic_review","30059069"
"455","systematic_review","30058505"
"456","systematic_review","30057444"
"457","systematic_review","30056420"
"458","systematic_review","30055973"
"459","systematic_review","30055677"
"460","systematic_review","30052666"
"461","systematic_review","30052658"
"462","systematic_review","30052655"
"463","systematic_review","30052637"
"464","systematic_review","30050938"
"465","systematic_review","30050924"
"466","systematic_review","30048548"
"467","systematic_review","30048540"
"468","systematic_review","30048501"
"469","systematic_review","30048456"
"470","systematic_review","30046586"
"471","systematic_review","30045432"
"472","systematic_review","30044785"
"473","systematic_review","30041236"
"474","systematic_review","30041221"
"475","systematic_review","30041187"
"476","systematic_review","30041185"
"477","systematic_review","30041180"
"478","systematic_review","30041164"
"479","systematic_review","30040718"
"480","systematic_review","30040674"
"481","systematic_review","30040610"
"482","systematic_review","30036390"
"483","systematic_review","30029797"
"484","systematic_review","30029093"
"485","systematic_review","30027162"
"486","systematic_review","30025880"
"487","systematic_review","30025394"
"488","systematic_review","30024983"
"489","systematic_review","30024982"
"490","systematic_review","30024909"
"491","systematic_review","30024902"
"492","systematic_review","30023171"
"493","systematic_review","30020984"
"494","systematic_review","30016776"
"495","systematic_review","30016772"
"496","systematic_review","30016358"
"497","systematic_review","30013345"
"498","systematic_review","30013323"
"499","systematic_review","30013320"
"500","systematic_review","30011314"
"501","systematic_review","30011299"
"502","systematic_review","30010152"
"503","systematic_review","30010119"
"504","systematic_review","30007978"
"505","systematic_review","30007974"
"506","systematic_review","30005079"
"507","systematic_review","30004033"
"508","systematic_review","30001799"
"509","systematic_review","30001642"
"510","systematic_review","30001417"
"511","systematic_review","29998136"
"512","systematic_review","29997889"
"513","systematic_review","29992152"
"514","systematic_review","29990366"
"515","systematic_review","29990356"
"516","systematic_review","29989057"
"517","systematic_review","29985751"
"518","systematic_review","29985654"
"519","systematic_review","29984673"
"520","systematic_review","29984369"
"521","systematic_review","29984166"
"522","systematic_review","29983647"
"523","systematic_review","29982262"
"524","systematic_review","35520470"
"525","systematic_review","29979797"
"526","systematic_review","29979726"
"527","systematic_review","29977926"
"528","systematic_review","29977919"
"529","systematic_review","29975961"
"530","systematic_review","29975954"
"531","systematic_review","29972548"
"532","systematic_review","29972400"
"533","systematic_review","29971244"
"534","systematic_review","29970956"
"535","systematic_review","29969778"
"536","systematic_review","29969765"
"537","systematic_review","29969754"
"538","systematic_review","29968643"
"539","systematic_review","29967789"
"540","systematic_review","29967603"
"541","systematic_review","29966191"
"542","systematic_review","29966126"
"543","systematic_review","29966007"
"544","systematic_review","29962398"
"545","systematic_review","29962352"
"546","systematic_review","29961052"
"547","systematic_review","29960743"
"548","systematic_review","29958844"
"549","systematic_review","29958085"
"550","systematic_review","29956198"
"551","systematic_review","29953555"
"552","systematic_review","29953497"
"553","systematic_review","29952413"
"554","systematic_review","29951546"
"555","systematic_review","29949627"
"556","systematic_review","29949611"
"557","systematic_review","29949587"
"558","systematic_review","29945342"
"559","systematic_review","29945132"
"560","systematic_review","29942125"
"561","systematic_review","29941236"
"562","systematic_review","29940608"
"563","systematic_review","29940522"
"564","systematic_review","29940030"
"565","systematic_review","29938614"
"566","systematic_review","29937338"
"567","systematic_review","29936515"
"568","systematic_review","29935547"
"569","systematic_review","29933405"
"570","systematic_review","29933365"
"571","systematic_review","29933137"
"572","systematic_review","29929192"
"573","systematic_review","29928112"
"574","systematic_review","29928031"
"575","systematic_review","29927965"
"576","systematic_review","29924837"
"577","systematic_review","29924822"
"578","systematic_review","29924187"
"579","systematic_review","29924137"
"580","systematic_review","29920560"
"581","systematic_review","29915581"
"582","systematic_review","29914040"
"583","systematic_review","29914039"
"584","systematic_review","29913089"
"585","systematic_review","29912896"
"586","systematic_review","29912887"
"587","systematic_review","29908348"
"588","systematic_review","29906277"
"589","systematic_review","29902216"
"590","systematic_review","29902215"
"591","systematic_review","29902211"
"592","systematic_review","29902205"
"593","systematic_review","29899650"
"594","systematic_review","29897921"
"595","systematic_review","29897913"
"596","systematic_review","29894490"
"597","systematic_review","29892295"
"598","systematic_review","29891025"
"599","systematic_review","29889859"
"600","systematic_review","29889075"
"601","systematic_review","29889056"
"602","systematic_review","29888281"
"603","systematic_review","29888278"
"604","systematic_review","29888257"
"605","systematic_review","29887920"
"606","systematic_review","29886908"
"607","systematic_review","29885862"
"608","systematic_review","29984356"
"609","systematic_review","29883469"
"610","systematic_review","29881466"
"611","systematic_review","29879882"
"612","systematic_review","29879709"
"613","systematic_review","29879426"
"614","systematic_review","29879226"
"615","systematic_review","29879206"
"616","systematic_review","29879187"
"617","systematic_review","29879146"
"618","systematic_review","29875068"
"619","systematic_review","29874653"
"620","systematic_review","29874651"
"621","systematic_review","29874256"
"622","systematic_review","29870983"
"623","systematic_review","29867970"
"624","systematic_review","29866962"
"625","systematic_review","29865062"
"626","systematic_review","29865058"
"627","systematic_review","29865027"
"628","systematic_review","29864130"
"629","systematic_review","29864128"
"630","systematic_review","29864120"
"631","systematic_review","29864119"
"632","systematic_review","29864002"
"633","systematic_review","29862298"
"634","systematic_review","29862285"
"635","systematic_review","29861833"
"636","systematic_review","29861802"
"637","systematic_review","29861318"
"638","systematic_review","29860151"
"639","systematic_review","29857410"
"640","systematic_review","29856837"
"641","systematic_review","29856783"
"642","systematic_review","29856654"
"643","systematic_review","29854818"
"644","systematic_review","29854748"
"645","systematic_review","29854006"
"646","systematic_review","29853815"
"647","systematic_review","29853795"
"648","systematic_review","29852875"
"649","systematic_review","29851974"
"650","systematic_review","29850564"
"651","systematic_review","29850535"
"652","systematic_review","29850486"
"653","systematic_review","29850458"
"654","systematic_review","29849888"
"655","systematic_review","29849483"
"656","systematic_review","29847834"
"657","systematic_review","29847598"
"658","systematic_review","29847549"
"659","systematic_review","29846409"
"660","systematic_review","29844662"
"661","systematic_review","29808116"
"662","systematic_review","29808115"
"663","systematic_review","29807192"
"664","systematic_review","29807048"
"665","systematic_review","29806654"
"666","systematic_review","29806652"
"667","systematic_review","29805721"
"668","systematic_review","29805312"
"669","systematic_review","29805310"
"670","systematic_review","29803297"
"671","systematic_review","29795977"
"672","systematic_review","29795554"
"673","systematic_review","29794446"
"674","systematic_review","29791593"
"675","systematic_review","29791531"
"676","systematic_review","29789804"
"677","systematic_review","29789778"
"678","systematic_review","29787614"
"679","systematic_review","29787334"
"680","systematic_review","29785100"
"681","systematic_review","29779763"
"682","systematic_review","29776679"
"683","systematic_review","29776475"
"684","systematic_review","29772024"
"685","systematic_review","29772018"
"686","systematic_review","29771933"
"687","systematic_review","29771924"
"688","systematic_review","29771635"
"689","systematic_review","29771634"
"690","systematic_review","29769011"
"691","systematic_review","29768436"
"692","systematic_review","29768417"
"693","systematic_review","29766479"
"694","systematic_review","29765211"
"695","systematic_review","29764761"
"696","systematic_review","29764715"
"697","systematic_review","29760355"
"698","systematic_review","29757921"
"699","systematic_review","29754705"
"700","systematic_review","29753532"
"701","systematic_review","32002508"
"702","systematic_review","29751988"
"703","systematic_review","29750807"
"704","systematic_review","29750798"
"705","systematic_review","29748456"
"706","systematic_review","29746546"
"707","systematic_review","29744363"
"708","systematic_review","29744355"
"709","systematic_review","29743979"
"710","systematic_review","29742271"
"711","systematic_review","29742231"
"712","systematic_review","29742143"
"713","systematic_review","29742106"
"714","systematic_review","29737794"
"715","systematic_review","29736398"
"716","systematic_review","29736193"
"717","systematic_review","29735242"
"718","systematic_review","29734184"
"719","systematic_review","29734182"
"720","systematic_review","29733052"
"721","systematic_review","29733036"
"722","systematic_review","29732994"
"723","systematic_review","29731623"
"724","systematic_review","29731501"
"725","systematic_review","29726439"
"726","systematic_review","29724516"
"727","systematic_review","29723939"
"728","systematic_review","29723340"
"729","systematic_review","29723338"
"730","systematic_review","29723227"
"731","systematic_review","29723203"
"732","systematic_review","29723198"
"733","systematic_review","29719718"
"734","systematic_review","29718971"
"735","systematic_review","29718969"
"736","systematic_review","29716399"
"737","systematic_review","29714636"
"738","systematic_review","29714615"
"739","systematic_review","29713465"
"740","systematic_review","29713457"
"741","systematic_review","29713157"
"742","systematic_review","29713154"
"743","systematic_review","29710030"
"744","systematic_review","29709028"
"745","systematic_review","29709015"
"746","systematic_review","29709006"
"747","systematic_review","29708997"
"748","systematic_review","29708977"
"749","systematic_review","29708072"
"750","systematic_review","29705810"
"751","systematic_review","29705788"
"752","systematic_review","29702253"
"753","systematic_review","29701515"
"754","systematic_review","29700503"
"755","systematic_review","29700502"
"756","systematic_review","29699714"
"757","systematic_review","29698902"
"758","systematic_review","29698451"
"759","systematic_review","29694506"
"760","systematic_review","29694375"
"761","systematic_review","29694337"
"762","systematic_review","29693013"
"763","systematic_review","29693008"
"764","systematic_review","29692262"
"765","systematic_review","29689725"
"766","systematic_review","29689716"
"767","systematic_review","29689079"
"768","systematic_review","29689054"
"769","systematic_review","29685675"
"770","systematic_review","29685385"
"771","systematic_review","29685321"
"772","systematic_review","29684741"
"773","systematic_review","29684028"
"774","systematic_review","29683100"
"775","systematic_review","29682584"
"776","systematic_review","29682541"
"777","systematic_review","29682533"
"778","systematic_review","29678006"
"779","systematic_review","29677972"
"780","systematic_review","29675511"
"781","systematic_review","29675432"
"782","systematic_review","29675142"
"783","systematic_review","29673810"
"784","systematic_review","29672608"
"785","systematic_review","29672559"
"786","systematic_review","29670898"
"787","systematic_review","29670743"
"788","systematic_review","29670675"
"789","systematic_review","29670648"
"790","systematic_review","29668697"
"791","systematic_review","29668694"
"792","systematic_review","29664916"
"793","systematic_review","29664907"
"794","systematic_review","29664553"
"795","systematic_review","29660966"
"796","systematic_review","29660965"
"797","systematic_review","29660957"
"798","systematic_review","29660949"
"799","systematic_review","29659609"
"800","systematic_review","29659605"
"801","systematic_review","29659588"
"802","systematic_review","29658438"
"803","systematic_review","33500923"
"804","systematic_review","29649823"
"805","systematic_review","29649819"
"806","systematic_review","29649818"
"807","systematic_review","29649253"
"808","systematic_review","29649252"
"809","systematic_review","29648462"
"810","systematic_review","29642961"
"811","systematic_review","29642955"
"812","systematic_review","29641578"
"813","systematic_review","29641544"
"814","systematic_review","29638238"
"815","systematic_review","29638237"
"816","systematic_review","29636304"
"817","systematic_review","29635250"
"818","systematic_review","29634772"
"819","systematic_review","29632661"
"820","systematic_review","29630564"
"821","systematic_review","29628760"
"822","systematic_review","29628144"
"823","systematic_review","29626749"
"824","systematic_review","29624472"
"825","systematic_review","29623850"
"826","systematic_review","29623830"
"827","systematic_review","29621757"
"828","systematic_review","29621405"
"829","systematic_review","29621346"
"830","systematic_review","29616674"
"831","systematic_review","29616671"
"832","systematic_review","29614884"
"833","systematic_review","29614698"
"834","systematic_review","29614697"
"835","systematic_review","29614503"
"836","systematic_review","29614487"
"837","systematic_review","29614349"
"838","systematic_review","29614082"
"839","systematic_review","29608603"
"840","systematic_review","29607831"
"841","systematic_review","29607823"
"842","systematic_review","29607790"
"843","systematic_review","29607785"
"844","systematic_review","29607315"
"845","systematic_review","29605680"
"846","systematic_review","29600775"
"847","systematic_review","29597192"
"848","systematic_review","29596495"
"849","systematic_review","29596471"
"850","systematic_review","29596460"
"851","systematic_review","29596440"
"852","systematic_review","29593707"
"853","systematic_review","29590146"
"854","systematic_review","29588652"
"855","systematic_review","29581795"
"856","systematic_review","29580713"
"857","systematic_review","29580159"
"858","systematic_review","29579115"
"859","systematic_review","29578144"
"860","systematic_review","29576519"
"861","systematic_review","29573997"
"862","systematic_review","29573827"
"863","systematic_review","29572192"
"864","systematic_review","29571561"
"865","systematic_review","29570739"
"866","systematic_review","29570722"
"867","systematic_review","29567294"
"868","systematic_review","29566078"
"869","systematic_review","29566055"
"870","systematic_review","29566043"
"871","systematic_review","29566037"
"872","systematic_review","29566000"
"873","systematic_review","29565697"
"874","systematic_review","29564962"
"875","systematic_review","29564023"
"876","systematic_review","29562381"
"877","systematic_review","29561944"
"878","systematic_review","29561943"
"879","systematic_review","29561894"
"880","systematic_review","29559768"
"881","systematic_review","29559305"
"882","systematic_review","29559178"
"883","systematic_review","29558505"
"884","systematic_review","29557343"
"885","systematic_review","29556377"
"886","systematic_review","29554144"
"887","systematic_review","29552976"
"888","systematic_review","29552832"
"889","systematic_review","29552753"
"890","systematic_review","29551597"
"891","systematic_review","29550106"
"892","systematic_review","29550102"
"893","systematic_review","29549678"
"894","systematic_review","29549675"
"895","systematic_review","29548632"
"896","systematic_review","29548502"
"897","systematic_review","29547670"
"898","systematic_review","29546057"
"899","systematic_review","29545017"
"900","systematic_review","29543907"
"901","systematic_review","29542420"
"902","systematic_review","29542417"
"903","systematic_review","29542416"
"904","systematic_review","29539622"
"905","systematic_review","29538433"
"906","systematic_review","29538382"
"907","systematic_review","29535503"
"908","systematic_review","29534097"
"909","systematic_review","29534092"
"910","systematic_review","29530309"
"911","systematic_review","29529104"
"912","systematic_review","29527137"
"913","systematic_review","29525217"
"914","systematic_review","29525140"
"915","systematic_review","29521522"
"916","systematic_review","29521040"
"917","systematic_review","29520136"
"918","systematic_review","29518791"
"919","systematic_review","29518788"
"920","systematic_review","29518672"
"921","systematic_review","29518134"
"922","systematic_review","29517612"
"923","systematic_review","29517396"
"924","systematic_review","29516906"
"925","systematic_review","29514156"
"926","systematic_review","29513855"
"927","systematic_review","29513762"
"928","systematic_review","29511691"
"929","systematic_review","29511672"
"930","systematic_review","29511372"
"931","systematic_review","32002504"
"932","systematic_review","29510231"
"933","systematic_review","29509813"
"934","systematic_review","29509791"
"935","systematic_review","29509763"
"936","systematic_review","29507916"
"937","systematic_review","29507862"
"938","systematic_review","29507256"
"939","systematic_review","29506956"
"940","systematic_review","29506762"
"941","systematic_review","29505519"
"942","systematic_review","29505003"
"943","systematic_review","29504999"
"944","systematic_review","29504984"
"945","systematic_review","29503292"
"946","systematic_review","29503290"
"947","systematic_review","29500145"
"948","systematic_review","29499058"
"949","systematic_review","29499043"
"950","systematic_review","29493651"
"951","systematic_review","29490420"
"952","systematic_review","29490291"
"953","systematic_review","29489997"
"954","systematic_review","29489912"
"955","systematic_review","29489910"
"956","systematic_review","29489883"
"957","systematic_review","29487595"
"958","systematic_review","29486240"
"959","systematic_review","29486008"
"960","systematic_review","29486000"
"961","systematic_review","29485008"
"962","systematic_review","29484355"
"963","systematic_review","29484351"
"964","systematic_review","29484173"
"965","systematic_review","29482676"
"966","systematic_review","29480871"
"967","systematic_review","29478832"
"968","systematic_review","29478513"
"969","systematic_review","29474804"
"970","systematic_review","29474454"
"971","systematic_review","29474386"
"972","systematic_review","29474360"
"973","systematic_review","29474359"
"974","systematic_review","29473938"
"975","systematic_review","29471981"
"976","systematic_review","29470002"
"977","systematic_review","29466801"
"978","systematic_review","29466407"
"979","systematic_review","29466383"
"980","systematic_review","29466366"
"981","systematic_review","29466024"
"982","systematic_review","29462179"
"983","systematic_review","29461969"
"984","systematic_review","29460519"
"985","systematic_review","29456200"
"986","systematic_review","29454163"
"987","systematic_review","29454147"
"988","systematic_review","29452135"
"989","systematic_review","29451921"
"990","systematic_review","29451875"
"991","systematic_review","29451621"
"992","systematic_review","29449162"
"993","systematic_review","29448834"
"994","systematic_review","29447193"
"995","systematic_review","29445272"
"996","systematic_review","29442092"
"997","systematic_review","29439927"
"998","systematic_review","29439362"
"999","systematic_review","29439354"
"1000","systematic_review","29439346"
"1001","systematic_review","29439342"
"1002","systematic_review","29439334"
"1003","systematic_review","29439265"
"1004","systematic_review","29439252"
"1005","systematic_review","29438455"
"1006","systematic_review","29438429"
"1007","systematic_review","29436984"
"1008","systematic_review","29436856"
"1009","systematic_review","29434456"
"1010","systematic_review","29433824"
"1011","systematic_review","29433612"
"1012","systematic_review","29433609"
"1013","systematic_review","29433387"
"1014","systematic_review","29432492"
"1015","systematic_review","29430175"
"1016","systematic_review","29426587"
"1017","systematic_review","29425655"
"1018","systematic_review","29425207"
"1019","systematic_review","29424328"
"1020","systematic_review","29422405"
"1021","systematic_review","29422300"
"1022","systematic_review","29422277"
"1023","systematic_review","29422261"
"1024","systematic_review","29421769"
"1025","systematic_review","29420989"
"1026","systematic_review","29420636"
"1027","systematic_review","29420546"
"1028","systematic_review","29420543"
"1029","systematic_review","29419926"
"1030","systematic_review","29416935"
"1031","systematic_review","29416325"
"1032","systematic_review","29416317"
"1033","systematic_review","29415004"
"1034","systematic_review","29412233"
"1035","systematic_review","29412118"
"1036","systematic_review","29412105"
"1037","systematic_review","29408921"
"1038","systematic_review","29408895"
"1039","systematic_review","29408824"
"1040","systematic_review","29407328"
"1041","systematic_review","29407316"
"1042","systematic_review","29405918"
"1043","systematic_review","29405916"
"1044","systematic_review","29405236"
"1045","systematic_review","29403098"
"1046","systematic_review","29402871"
"1047","systematic_review","29402861"
"1048","systematic_review","29402804"
"1049","systematic_review","29401500"
"1050","systematic_review","29399679"
"1051","systematic_review","29398187"
"1052","systematic_review","29397138"
"1053","systematic_review","29397135"
"1054","systematic_review","29397134"
"1055","systematic_review","29397122"
"1056","systematic_review","29397089"
"1057","systematic_review","29396256"
"1058","systematic_review","29395493"
"1059","systematic_review","32089819"
"1060","systematic_review","29393688"
"1061","systematic_review","29393280"
"1062","systematic_review","29393214"
"1063","systematic_review","29391784"
"1064","systematic_review","29391776"
"1065","systematic_review","29385382"
"1066","systematic_review","29385159"
"1067","systematic_review","29381396"
"1068","systematic_review","29380857"
"1069","systematic_review","29380695"
"1070","systematic_review","29378048"
"1071","systematic_review","29377923"
"1072","systematic_review","29371727"
"1073","systematic_review","29371726"
"1074","systematic_review","29370880"
"1075","systematic_review","29370683"
"1076","systematic_review","29370258"
"1077","systematic_review","29370214"
"1078","systematic_review","29370211"
"1079","systematic_review","29369375"
"1080","systematic_review","29369223"
"1081","systematic_review","29369133"
"1082","systematic_review","29368790"
"1083","systematic_review","29366490"
"1084","systematic_review","29364941"
"1085","systematic_review","29364935"
"1086","systematic_review","29364925"
"1087","systematic_review","29362294"
"1088","systematic_review","29361437"
"1089","systematic_review","29360884"
"1090","systematic_review","29360872"
"1091","systematic_review","29360840"
"1092","systematic_review","29360829"
"1093","systematic_review","29360670"
"1094","systematic_review","29359952"
"1095","systematic_review","29357805"
"1096","systematic_review","29357797"
"1097","systematic_review","29357388"
"1098","systematic_review","29357377"
"1099","systematic_review","29357327"
"1100","systematic_review","29357326"
"1101","systematic_review","29357317"
"1102","systematic_review","29356390"
"1103","systematic_review","29355645"
"1104","systematic_review","29355644"
"1105","systematic_review","29355094"
"1106","systematic_review","29354906"
"1107","systematic_review","29353283"
"1108","systematic_review","29351288"
"1109","systematic_review","29350378"
"1110","systematic_review","29350336"
"1111","systematic_review","29350335"
"1112","systematic_review","29346446"
"1113","systematic_review","29345582"
"1114","systematic_review","29342469"
"1115","systematic_review","29341503"
"1116","systematic_review","29340346"
"1117","systematic_review","29339646"
"1118","systematic_review","29339166"
"1119","systematic_review","29339046"
"1120","systematic_review","29338794"
"1121","systematic_review","29338025"
"1122","systematic_review","29337996"
"1123","systematic_review","29337665"
"1124","systematic_review","29336684"
"1125","systematic_review","29336289"
"1126","systematic_review","29334343"
"1127","systematic_review","29334041"
"1128","systematic_review","29333899"
"1129","systematic_review","29333508"
"1130","systematic_review","29332747"
"1131","systematic_review","29332746"
"1132","systematic_review","29332738"
"1133","systematic_review","29332730"
"1134","systematic_review","29332655"
"1135","systematic_review","29332104"
"1136","systematic_review","29331504"
"1137","systematic_review","29331352"
"1138","systematic_review","29330248"
"1139","systematic_review","29330246"
"1140","systematic_review","29329330"
"1141","systematic_review","29329293"
"1142","systematic_review","29329288"
"1143","systematic_review","29328883"
"1144","systematic_review","29326332"
"1145","systematic_review","29326150"
"1146","systematic_review","29325835"
"1147","systematic_review","29324848"
"1148","systematic_review","29324820"
"1149","systematic_review","29324766"
"1150","systematic_review","29324564"
"1151","systematic_review","29324563"
"1152","systematic_review","29324562"
"1153","systematic_review","29324561"
"1154","systematic_review","29324560"
"1155","systematic_review","29324559"
"1156","systematic_review","29324558"
"1157","systematic_review","29324557"
"1158","systematic_review","29324556"
"1159","systematic_review","29324555"
"1160","systematic_review","29324554"
"1161","systematic_review","29324553"
"1162","systematic_review","29324552"
"1163","systematic_review","29324551"
"1164","systematic_review","29324550"
"1165","systematic_review","29324549"
"1166","systematic_review","29321845"
"1167","systematic_review","29321135"
"1168","systematic_review","29320966"
"1169","systematic_review","29317099"
"1170","systematic_review","29316548"
"1171","systematic_review","29316546"
"1172","systematic_review","29315325"
"1173","systematic_review","29315123"
"1174","systematic_review","29313908"
"1175","systematic_review","29311165"
"1176","systematic_review","29310972"
"1177","systematic_review","29310827"
"1178","systematic_review","29309438"
"1179","systematic_review","29307795"
"1180","systematic_review","29305453"
"1181","systematic_review","29305445"
"1182","systematic_review","29305348"
"1183","systematic_review","29305234"
"1184","systematic_review","29304946"
"1185","systematic_review","29304923"
"1186","systematic_review","29304508"
"1187","systematic_review","29304364"
"1188","systematic_review","29304180"
"1189","systematic_review","29304148"
"1190","systematic_review","29303918"
"1191","systematic_review","29303847"
"1192","systematic_review","29303361"
"1193","systematic_review","29303080"
"1194","systematic_review","29301610"
"1195","systematic_review","29300743"
"1196","systematic_review","29300431"
"1197","systematic_review","29298941"
"1198","systematic_review","29298315"
"1199","systematic_review","29293633"
"1200","systematic_review","29293586"
"1201","systematic_review","29293523"
"1202","systematic_review","29293519"
"1203","systematic_review","29293511"
"1204","systematic_review","29292406"
"1205","systematic_review","29292339"
"1206","systematic_review","29292336"
"1207","systematic_review","29292335"
"1208","systematic_review","29292271"
"1209","systematic_review","29291398"
"1210","systematic_review","29291254"
"1211","systematic_review","29290301"
"1212","systematic_review","29290286"
"1213","systematic_review","29290267"
"1214","systematic_review","29289627"
"1215","systematic_review","29289592"
"1216","systematic_review","29289589"
"1217","systematic_review","29289581"
"1218","systematic_review","29289377"
"1219","systematic_review","31112972"
"1220","systematic_review","31002625"
"1221","systematic_review","30963822"
"1222","systematic_review","30882103"
"1223","systematic_review","30871714"
"1224","systematic_review","30871713"
"1225","systematic_review","29288474"
"1226","systematic_review","29287854"
"1227","systematic_review","29287641"
"1228","systematic_review","29286841"
"1229","systematic_review","29286830"
"1230","systematic_review","29284576"
"1231","systematic_review","29284102"
"1232","systematic_review","29283870"
"1233","systematic_review","29283066"
"1234","systematic_review","29280714"
"1235","systematic_review","29280713"
"1236","systematic_review","29280712"
"1237","systematic_review","29280711"
"1238","systematic_review","29279101"
"1239","systematic_review","29279098"
"1240","systematic_review","29279095"
"1241","systematic_review","29278890"
"1242","systematic_review","29278206"
"1243","systematic_review","29277752"
"1244","systematic_review","29277295"
"1245","systematic_review","29277275"
"1246","systematic_review","29277243"
"1247","systematic_review","29275788"
"1248","systematic_review","29274824"
"1249","systematic_review","29274156"
"1250","systematic_review","29273901"
"1251","systematic_review","29271859"
"1252","systematic_review","29271298"
"1253","systematic_review","29271034"
"1254","systematic_review","29269049"
"1255","systematic_review","29268957"
"1256","systematic_review","29268899"
"1257","systematic_review","29268898"
"1258","systematic_review","29268897"
"1259","systematic_review","29268689"
"1260","systematic_review","29268262"
"1261","systematic_review","29267818"
"1262","systematic_review","29267528"
"1263","systematic_review","29266782"
"1264","systematic_review","29262404"
"1265","systematic_review","29261088"
"1266","systematic_review","29260468"
"1267","systematic_review","29258689"
"1268","systematic_review","29258125"
"1269","systematic_review","29257778"
"1270","systematic_review","29257771"
"1271","systematic_review","29255934"
"1272","systematic_review","29254773"
"1273","systematic_review","29254769"
"1274","systematic_review","29254551"
"1275","systematic_review","29253103"
"1276","systematic_review","29252826"
"1277","systematic_review","29251292"
"1278","systematic_review","29248666"
"1279","systematic_review","29248628"
"1280","systematic_review","29247908"
"1281","systematic_review","29247811"
"1282","systematic_review","29246585"
"1283","systematic_review","29246457"
"1284","systematic_review","29244893"
"1285","systematic_review","29242073"
"1286","systematic_review","29241195"
"1287","systematic_review","29241089"
"1288","systematic_review","29241083"
"1289","systematic_review","29240924"
"1290","systematic_review","29237371"
"1291","systematic_review","29235942"
"1292","systematic_review","29233787"
"1293","systematic_review","29232665"
"1294","systematic_review","29232341"
"1295","systematic_review","29232307"
"1296","systematic_review","29230866"
"1297","systematic_review","29230591"
"1298","systematic_review","29228472"
"1299","systematic_review","29227530"
"1300","systematic_review","29225124"
"1301","systematic_review","29224649"
"1302","systematic_review","29224647"
"1303","systematic_review","29224645"
"1304","systematic_review","29224026"
"1305","systematic_review","29223453"
"1306","systematic_review","29222889"
"1307","systematic_review","29222879"
"1308","systematic_review","29222877"
"1309","systematic_review","29221956"
"1310","systematic_review","29221575"
"1311","systematic_review","29220742"
"1312","systematic_review","29220732"
"1313","systematic_review","29219922"
"1314","systematic_review","29219061"
"1315","systematic_review","29218813"
"1316","systematic_review","29217464"
"1317","systematic_review","29217105"
"1318","systematic_review","29215524"
"1319","systematic_review","29215315"
"1320","systematic_review","29212743"
"1321","systematic_review","29212558"
"1322","systematic_review","29210769"
"1323","systematic_review","29210171"
"1324","systematic_review","29210105"
"1325","systematic_review","29210001"
"1326","systematic_review","29209970"
"1327","systematic_review","29207325"
"1328","systematic_review","29206572"
"1329","systematic_review","29205115"
"1330","systematic_review","29203682"
"1331","systematic_review","29203423"
"1332","systematic_review","29203060"
"1333","systematic_review","29202663"
"1334","systematic_review","29202377"
"1335","systematic_review","29199518"
"1336","systematic_review","29199385"
"1337","systematic_review","29198853"
"1338","systematic_review","29198742"
"1339","systematic_review","29198648"
"1340","systematic_review","29198588"
"1341","systematic_review","29197154"
"1342","systematic_review","29196062"
"1343","systematic_review","29195596"
"1344","systematic_review","29195594"
"1345","systematic_review","29195226"
"1346","systematic_review","29194669"
"1347","systematic_review","29194265"
"1348","systematic_review","29194112"
"1349","systematic_review","29193794"
"1350","systematic_review","29193650"
"1351","systematic_review","29192541"
"1352","systematic_review","29191624"
"1353","systematic_review","29191471"
"1354","systematic_review","29191439"
"1355","systematic_review","29191358"
"1356","systematic_review","29189670"
"1357","systematic_review","29185968"
"1358","systematic_review","29185440"
"1359","systematic_review","29185161"
"1360","systematic_review","29185064"
"1361","systematic_review","29184048"
"1362","systematic_review","29183639"
"1363","systematic_review","29181500"
"1364","systematic_review","29180307"
"1365","systematic_review","29179126"
"1366","systematic_review","29178983"
"1367","systematic_review","29178463"
"1368","systematic_review","29177548"
"1369","systematic_review","29176313"
"1370","systematic_review","29175678"
"1371","systematic_review","29175677"
"1372","systematic_review","29175518"
"1373","systematic_review","29175362"
"1374","systematic_review","29174999"
"1375","systematic_review","29174966"
"1376","systematic_review","29174721"
"1377","systematic_review","29174708"
"1378","systematic_review","29174496"
"1379","systematic_review","29174345"
"1380","systematic_review","29173423"
"1381","systematic_review","29173195"
"1382","systematic_review","29173185"
"1383","systematic_review","29173167"
"1384","systematic_review","29172823"
"1385","systematic_review","29170015"
"1386","systematic_review","29169958"
"1387","systematic_review","29169874"
"1388","systematic_review","29169814"
"1389","systematic_review","29169586"
"1390","systematic_review","29168430"
"1391","systematic_review","29168225"
"1392","systematic_review","29167863"
"1393","systematic_review","29167388"
"1394","systematic_review","29166553"
"1395","systematic_review","29166245"
"1396","systematic_review","29165061"
"1397","systematic_review","29164811"
"1398","systematic_review","29162520"
"1399","systematic_review","29161336"
"1400","systematic_review","29161218"
"1401","systematic_review","29159860"
"1402","systematic_review","29157992"
"1403","systematic_review","29157736"
"1404","systematic_review","29157447"
"1405","systematic_review","29157007"
"1406","systematic_review","29156388"
"1407","systematic_review","29155965"
"1408","systematic_review","29155230"
"1409","systematic_review","29154815"
"1410","systematic_review","29154278"
"1411","systematic_review","29154263"
"1412","systematic_review","29154122"
"1413","systematic_review","29154022"
"1414","systematic_review","29153856"
"1415","systematic_review","29153766"
"1416","systematic_review","29153337"
"1417","systematic_review","29152845"
"1418","systematic_review","29149634"
"1419","systematic_review","29149263"
"1420","systematic_review","29148001"
"1421","systematic_review","29147869"
"1422","systematic_review","29145043"
"1423","systematic_review","29144823"
"1424","systematic_review","29144223"
"1425","systematic_review","29143189"
"1426","systematic_review","29141556"
"1427","systematic_review","29139115"
"1428","systematic_review","29139092"
"1429","systematic_review","29139088"
"1430","systematic_review","29137857"
"1431","systematic_review","29136566"
"1432","systematic_review","29136166"
"1433","systematic_review","29135318"
"1434","systematic_review","29135056"
"1435","systematic_review","29134968"
"1436","systematic_review","29134372"
"1437","systematic_review","29134342"
"1438","systematic_review","29133201"
"1439","systematic_review","29133039"
"1440","systematic_review","29132914"
"1441","systematic_review","29132239"
"1442","systematic_review","29132070"
"1443","systematic_review","29131895"
"1444","systematic_review","29131306"
"1445","systematic_review","29130977"
"1446","systematic_review","29130840"
"1447","systematic_review","29130597"
"1448","systematic_review","29130387"
"1449","systematic_review","29130355"
"1450","systematic_review","29129575"
"1451","systematic_review","29129315"
"1452","systematic_review","29129233"
"1453","systematic_review","29129232"
"1454","systematic_review","29129027"
"1455","systematic_review","29129000"
"1456","systematic_review","29128883"
"1457","systematic_review","29128874"
"1458","systematic_review","29128850"
"1459","systematic_review","29128777"
"1460","systematic_review","29128620"
"1461","systematic_review","29128579"
"1462","systematic_review","29128574"
"1463","systematic_review","29128525"
"1464","systematic_review","29128131"
"1465","systematic_review","29127806"
"1466","systematic_review","29127655"
"1467","systematic_review","29127490"
"1468","systematic_review","29126109"
"1469","systematic_review","29126017"
"1470","systematic_review","29125088"
"1471","systematic_review","29124727"
"1472","systematic_review","29124528"
"1473","systematic_review","29122536"
"1474","systematic_review","29121556"
"1475","systematic_review","29120851"
"1476","systematic_review","29120517"
"1477","systematic_review","29119919"
"1478","systematic_review","29119656"
"1479","systematic_review","29119560"
"1480","systematic_review","29119321"
"1481","systematic_review","29118062"
"1482","systematic_review","29115847"
"1483","systematic_review","29115735"
"1484","systematic_review","29115416"
"1485","systematic_review","29114647"
"1486","systematic_review","29112908"
"1487","systematic_review","29112905"
"1488","systematic_review","29112860"
"1489","systematic_review","29112283"
"1490","systematic_review","29112077"
"1491","systematic_review","29111990"
"1492","systematic_review","29111342"
"1493","systematic_review","29111312"
"1494","systematic_review","29111221"
"1495","systematic_review","29111090"
"1496","systematic_review","29111078"
"1497","systematic_review","29110599"
"1498","systematic_review","29110542"
"1499","systematic_review","29108825"
"1500","systematic_review","29108821"
"1501","systematic_review","29108713"
"1502","systematic_review","29107561"
"1503","systematic_review","29107539"
"1504","systematic_review","29107356"
"1505","systematic_review","29107176"
"1506","systematic_review","29107160"
"1507","systematic_review","29106732"
"1508","systematic_review","29106631"
"1509","systematic_review","29105295"
"1510","systematic_review","29103676"
"1511","systematic_review","29102682"
"1512","systematic_review","29102464"
"1513","systematic_review","29102324"
"1514","systematic_review","29102236"
"1515","systematic_review","29101722"
"1516","systematic_review","29101548"
"1517","systematic_review","29101547"
"1518","systematic_review","29101414"
"1519","systematic_review","29100897"
"1520","systematic_review","29100792"
"1521","systematic_review","29100201"
"1522","systematic_review","29099625"
"1523","systematic_review","29099613"
"1524","systematic_review","29099419"
"1525","systematic_review","29099414"
"1526","systematic_review","29098348"
"1527","systematic_review","29098347"
"1528","systematic_review","29097178"
"1529","systematic_review","29096278"
"1530","systematic_review","29096266"
"1531","systematic_review","29095432"
"1532","systematic_review","29094780"
"1533","systematic_review","29092664"
"1534","systematic_review","29091078"
"1535","systematic_review","29090857"
"1536","systematic_review","29090664"
"1537","systematic_review","29090398"
"1538","systematic_review","29089272"
"1539","systematic_review","29089010"
"1540","systematic_review","29088001"
"1541","systematic_review","29087740"
"1542","systematic_review","29087451"
"1543","systematic_review","29087242"
"1544","systematic_review","29086803"
"1545","systematic_review","29085951"
"1546","systematic_review","29083513"
"1547","systematic_review","29083088"
"1548","systematic_review","29083036"
"1549","systematic_review","29082463"
"1550","systematic_review","29082456"
"1551","systematic_review","29080708"
"1552","systematic_review","29080657"
"1553","systematic_review","29080438"
"1554","systematic_review","29080437"
"1555","systematic_review","29079926"
"1556","systematic_review","29079323"
"1557","systematic_review","29077897"
"1558","systematic_review","29077229"
"1559","systematic_review","29076562"
"1560","systematic_review","29076520"
"1561","systematic_review","29074553"
"1562","systematic_review","29072346"
"1563","systematic_review","29071719"
"1564","systematic_review","29071428"
"1565","systematic_review","29069421"
"1566","systematic_review","29068467"
"1567","systematic_review","29067919"
"1568","systematic_review","29066150"
"1569","systematic_review","29066020"
"1570","systematic_review","29065274"
"1571","systematic_review","29065105"
"1572","systematic_review","29064881"
"1573","systematic_review","29064607"
"1574","systematic_review","29063385"
"1575","systematic_review","29061459"
"1576","systematic_review","29061335"
"1577","systematic_review","29059088"
"1578","systematic_review","29058038"
"1579","systematic_review","29057669"
"1580","systematic_review","29055852"
"1581","systematic_review","29055692"
"1582","systematic_review","29055243"
"1583","systematic_review","29055236"
"1584","systematic_review","29055132"
"1585","systematic_review","29055102"
"1586","systematic_review","29055060"
"1587","systematic_review","29054571"
"1588","systematic_review","29054353"
"1589","systematic_review","29052180"
"1590","systematic_review","29052017"
"1591","systematic_review","29050923"
"1592","systematic_review","29050912"
"1593","systematic_review","29050807"
"1594","systematic_review","29049707"
"1595","systematic_review","29049127"
"1596","systematic_review","29049000"
"1597","systematic_review","29048997"
"1598","systematic_review","29047028"
"1599","systematic_review","29045913"
"1600","systematic_review","29045855"
"1601","systematic_review","29045808"
"1602","systematic_review","29045286"
"1603","systematic_review","29043560"
"1604","systematic_review","29043479"
"1605","systematic_review","29043392"
"1606","systematic_review","29040571"
"1607","systematic_review","29040525"
"1608","systematic_review","29039967"
"1609","systematic_review","29039118"
"1610","systematic_review","29039018"
"1611","systematic_review","29038269"
"1612","systematic_review","29038086"
"1613","systematic_review","29037960"
"1614","systematic_review","29037501"
"1615","systematic_review","29036283"
"1616","systematic_review","29035733"
"1617","systematic_review","29034800"
"1618","systematic_review","29034575"
"1619","systematic_review","29033273"
"1620","systematic_review","29032610"
"1621","systematic_review","29032293"
"1622","systematic_review","29031791"
"1623","systematic_review","29030774"
"1624","systematic_review","29030150"
"1625","systematic_review","29027242"
"1626","systematic_review","29027192"
"1627","systematic_review","29025082"
"1628","systematic_review","29024808"
"1629","systematic_review","29024549"
"1630","systematic_review","29024507"
"1631","systematic_review","29024390"
"1632","systematic_review","29024367"
"1633","systematic_review","29024361"
"1634","systematic_review","29024294"
"1635","systematic_review","29023296"
"1636","systematic_review","29022402"
"1637","systematic_review","29022368"
"1638","systematic_review","29020460"
"1639","systematic_review","29017832"
"1640","systematic_review","29017777"
"1641","systematic_review","29017429"
"1642","systematic_review","28994131"
"1643","systematic_review","28993930"
"1644","systematic_review","28991368"
"1645","systematic_review","28990987"
"1646","systematic_review","28990191"
"1647","systematic_review","28990120"
"1648","systematic_review","28988642"
"1649","systematic_review","28987897"
"1650","systematic_review","28987893"
"1651","systematic_review","28987866"
"1652","systematic_review","28987848"
"1653","systematic_review","28987837"
"1654","systematic_review","28987613"
"1655","systematic_review","28987493"
"1656","systematic_review","28986692"
"1657","systematic_review","28986230"
"1658","systematic_review","28985978"
"1659","systematic_review","28985262"
"1660","systematic_review","28985259"
"1661","systematic_review","28984100"
"1662","systematic_review","28983887"
"1663","systematic_review","28980317"
"1664","systematic_review","28980099"
"1665","systematic_review","28978403"
"1666","systematic_review","28975722"
"1667","systematic_review","28975706"
"1668","systematic_review","28974376"
"1669","systematic_review","28974358"
"1670","systematic_review","28974345"
"1671","systematic_review","28973402"
"1672","systematic_review","28971908"
"1673","systematic_review","28971889"
"1674","systematic_review","28970314"
"1675","systematic_review","28970215"
"1676","systematic_review","28970099"
"1677","systematic_review","28969946"
"1678","systematic_review","28967548"
"1679","systematic_review","28967542"
"1680","systematic_review","28967416"
"1681","systematic_review","28965775"
"1682","systematic_review","28964944"
"1683","systematic_review","28963966"
"1684","systematic_review","28963761"
"1685","systematic_review","28963728"
"1686","systematic_review","28962961"
"1687","systematic_review","28962953"
"1688","systematic_review","28961352"
"1689","systematic_review","28960809"
"1690","systematic_review","28959910"
"1691","systematic_review","28958865"
"1692","systematic_review","28957682"
"1693","systematic_review","28954799"
"1694","systematic_review","28953074"
"1695","systematic_review","28952806"
"1696","systematic_review","28952603"
"1697","systematic_review","28952185"
"1698","systematic_review","28951110"
"1699","systematic_review","28949953"
"1700","systematic_review","28949804"
"1701","systematic_review","28948600"
"1702","systematic_review","28948431"
"1703","systematic_review","28947184"
"1704","systematic_review","28945942"
"1705","systematic_review","28945182"
"1706","systematic_review","28943396"
"1707","systematic_review","28943049"
"1708","systematic_review","28943045"
"1709","systematic_review","28942578"
"1710","systematic_review","28941668"
"1711","systematic_review","28940765"
"1712","systematic_review","28940755"
"1713","systematic_review","28940130"
"1714","systematic_review","28939926"
"1715","systematic_review","28939459"
"1716","systematic_review","28939306"
"1717","systematic_review","28939140"
"1718","systematic_review","28939015"
"1719","systematic_review","28938191"
"1720","systematic_review","28938035"
"1721","systematic_review","28938030"
"1722","systematic_review","28936618"
"1723","systematic_review","28933307"
"1724","systematic_review","28933305"
"1725","systematic_review","28933024"
"1726","systematic_review","28932908"
"1727","systematic_review","28930587"
"1728","systematic_review","28929979"
"1729","systematic_review","28929602"
"1730","systematic_review","28927925"
"1731","systematic_review","28927871"
"1732","systematic_review","28927563"
"1733","systematic_review","28927483"
"1734","systematic_review","28926749"
"1735","systematic_review","28926467"
"1736","systematic_review","28925880"
"1737","systematic_review","28925316"
"1738","systematic_review","28924874"
"1739","systematic_review","28922738"
"1740","systematic_review","28922737"
"1741","systematic_review","28922230"
"1742","systematic_review","28921820"
"1743","systematic_review","28921033"
"1744","systematic_review","28920538"
"1745","systematic_review","28920537"
"1746","systematic_review","28917704"
"1747","systematic_review","28917436"
"1748","systematic_review","28917030"
"1749","systematic_review","28916564"
"1750","systematic_review","28916431"
"1751","systematic_review","28915510"
"1752","systematic_review","28915505"
"1753","systematic_review","28914445"
"1754","systematic_review","28914208"
"1755","systematic_review","28910814"
"1756","systematic_review","28910784"
"1757","systematic_review","28905279"
"1758","systematic_review","28900756"
"1759","systematic_review","28900711"
"1760","systematic_review","28899586"
"1761","systematic_review","28899233"
"1762","systematic_review","28895779"
"1763","systematic_review","28895459"
"1764","systematic_review","28893657"
"1765","systematic_review","28891442"
"1766","systematic_review","28891441"
"1767","systematic_review","28891440"
"1768","systematic_review","28889126"
"1769","systematic_review","28889046"
"1770","systematic_review","28888775"
"1771","systematic_review","28888754"
"1772","systematic_review","28888725"
"1773","systematic_review","28888613"
"1774","systematic_review","28888482"
"1775","systematic_review","28887759"
"1776","systematic_review","28887138"
"1777","systematic_review","28887107"
"1778","systematic_review","28886401"
"1779","systematic_review","28885659"
"1780","systematic_review","28885493"
"1781","systematic_review","28884965"
"1782","systematic_review","28882713"
"1783","systematic_review","28882616"
"1784","systematic_review","28882521"
"1785","systematic_review","28881497"
"1786","systematic_review","28879607"
"1787","systematic_review","28875830"
"1788","systematic_review","28875525"
"1789","systematic_review","28873269"
"1790","systematic_review","28872775"
"1791","systematic_review","28870735"
"1792","systematic_review","28869399"
"1793","systematic_review","28867654"
"1794","systematic_review","28867085"
"1795","systematic_review","28867073"
"1796","systematic_review","28866778"
"1797","systematic_review","28866345"
"1798","systematic_review","28866323"
"1799","systematic_review","28866295"
"1800","systematic_review","28864885"
"1801","systematic_review","28864846"
"1802","systematic_review","28863045"
"1803","systematic_review","28863035"
"1804","systematic_review","28862381"
"1805","systematic_review","28861627"
"1806","systematic_review","28861623"
"1807","systematic_review","28859236"
"1808","systematic_review","28859233"
"1809","systematic_review","28859222"
"1810","systematic_review","28858658"
"1811","systematic_review","28857366"
"1812","systematic_review","28856792"
"1813","systematic_review","28855271"
"1814","systematic_review","28855096"
"1815","systematic_review","28851005"
"1816","systematic_review","28851002"
"1817","systematic_review","28850857"
"1818","systematic_review","28850741"
"1819","systematic_review","28849277"
"1820","systematic_review","28847200"
"1821","systematic_review","28844469"
"1822","systematic_review","28844343"
"1823","systematic_review","28844170"
"1824","systematic_review","28843958"
"1825","systematic_review","28843717"
"1826","systematic_review","28843587"
"1827","systematic_review","28843425"
"1828","systematic_review","28841486"
"1829","systematic_review","28841484"
"1830","systematic_review","28840499"
"1831","systematic_review","28838857"
"1832","systematic_review","28837827"
"1833","systematic_review","28837370"
"1834","systematic_review","28836318"
"1835","systematic_review","28833863"
"1836","systematic_review","28833648"
"1837","systematic_review","28831819"
"1838","systematic_review","28826694"
"1839","systematic_review","28826328"
"1840","systematic_review","28825935"
"1841","systematic_review","28823905"
"1842","systematic_review","28823581"
"1843","systematic_review","28823074"
"1844","systematic_review","28823010"
"1845","systematic_review","28822982"
"1846","systematic_review","28821981"
"1847","systematic_review","28817397"
"1848","systematic_review","28815801"
"1849","systematic_review","28807650"
"1850","systematic_review","28807426"
"1851","systematic_review","28803752"
"1852","systematic_review","28803033"
"1853","systematic_review","28802761"
"1854","systematic_review","28802117"
"1855","systematic_review","28801224"
"1856","systematic_review","28800920"
"1857","systematic_review","28799657"
"1858","systematic_review","28797556"
"1859","systematic_review","28792013"
"1860","systematic_review","28786328"
"1861","systematic_review","28786035"
"1862","systematic_review","28782886"
"1863","systematic_review","28782675"
"1864","systematic_review","28779404"
"1865","systematic_review","28779261"
"1866","systematic_review","28778488"
"1867","systematic_review","28777972"
"1868","systematic_review","28776173"
"1869","systematic_review","28771775"
"1870","systematic_review","28771738"
"1871","systematic_review","28766756"
"1872","systematic_review","28765243"
"1873","systematic_review","28763112"
"1874","systematic_review","28761983"
"1875","systematic_review","28760632"
"1876","systematic_review","28760085"
"1877","systematic_review","28758544"
"1878","systematic_review","28757132"
"1879","systematic_review","28756406"
"1880","systematic_review","28754072"
"1881","systematic_review","28753071"
"1882","systematic_review","28752257"
"1883","systematic_review","28748639"
"1884","systematic_review","28748514"
"1885","systematic_review","28744822"
"1886","systematic_review","28742616"
"1887","systematic_review","28741979"
"1888","systematic_review","28741450"
"1889","systematic_review","28741191"
"1890","systematic_review","28739178"
"1891","systematic_review","28738763"
"1892","systematic_review","28736116"
"1893","systematic_review","28735678"
"1894","systematic_review","28735355"
"1895","systematic_review","28735288"
"1896","systematic_review","28733092"
"1897","systematic_review","28731983"
"1898","systematic_review","28730391"
"1899","systematic_review","28729190"
"1900","systematic_review","28729171"
"1901","systematic_review","28728887"
"1902","systematic_review","28726274"
"1903","systematic_review","28726142"
"1904","systematic_review","28722163"
"1905","systematic_review","28721822"
"1906","systematic_review","28720047"
"1907","systematic_review","28719420"
"1908","systematic_review","28718995"
"1909","systematic_review","28718898"
"1910","systematic_review","28718688"
"1911","systematic_review","28718682"
"1912","systematic_review","28718658"
"1913","systematic_review","28717914"
"1914","systematic_review","28712970"
"1915","systematic_review","28711425"
"1916","systematic_review","28711191"
"1917","systematic_review","28709625"
"1918","systematic_review","28709588"
"1919","systematic_review","28708780"
"1920","systematic_review","28705675"
"1921","systematic_review","28704256"
"1922","systematic_review","28699514"
"1923","systematic_review","28699165"
"1924","systematic_review","28697493"
"1925","systematic_review","28695651"
"1926","systematic_review","28694152"
"1927","systematic_review","28690124"
"1928","systematic_review","28690077"
"1929","systematic_review","28689955"
"1930","systematic_review","28688821"
"1931","systematic_review","28687317"
"1932","systematic_review","28681928"
"1933","systematic_review","28681651"
"1934","systematic_review","28679283"
"1935","systematic_review","28677509"
"1936","systematic_review","28676903"
"1937","systematic_review","28676132"
"1938","systematic_review","28675776"
"1939","systematic_review","28673789"
"1940","systematic_review","28671483"
"1941","systematic_review","28669836"
"1942","systematic_review","28668285"
"1943","systematic_review","28666845"
"1944","systematic_review","28665454"
"1945","systematic_review","28662928"
"1946","systematic_review","28661721"
"1947","systematic_review","28656707"
"1948","systematic_review","28656688"
"1949","systematic_review","28655364"
"1950","systematic_review","28654197"
"1951","systematic_review","28650907"
"1952","systematic_review","28649904"
"1953","systematic_review","28646581"
"1954","systematic_review","28643299"
"1955","systematic_review","28641609"
"1956","systematic_review","28639043"
"1957","systematic_review","28637593"
"1958","systematic_review","28635309"
"1959","systematic_review","28632253"
"1960","systematic_review","28631874"
"1961","systematic_review","28629991"
"1962","systematic_review","28625012"
"1963","systematic_review","28623877"
"1964","systematic_review","28622841"
"1965","systematic_review","28618110"
"1966","systematic_review","28618100"
"1967","systematic_review","28618023"
"1968","systematic_review","28617046"
"1969","systematic_review","28616750"
"1970","systematic_review","28610802"
"1971","systematic_review","28609140"
"1972","systematic_review","28608497"
"1973","systematic_review","28608470"
"1974","systematic_review","28606045"
"1975","systematic_review","28604172"
"1976","systematic_review","28602031"
"1977","systematic_review","28600896"
"1978","systematic_review","28600823"
"1979","systematic_review","28591861"
"1980","systematic_review","28582370"
"1981","systematic_review","28579549"
"1982","systematic_review","28575378"
"1983","systematic_review","28570732"
"1984","systematic_review","28561258"
"1985","systematic_review","28559000"
"1986","systematic_review","28558638"
"1987","systematic_review","28556453"
"1988","systematic_review","28552007"
"1989","systematic_review","28547119"
"1990","systematic_review","28545806"
"1991","systematic_review","28544303"
"1992","systematic_review","28542914"
"1993","systematic_review","28541395"
"1994","systematic_review","28537200"
"1995","systematic_review","28526996"
"1996","systematic_review","28525522"
"1997","systematic_review","28513621"
"1998","systematic_review","28508326"
"1999","systematic_review","28505384"
"2000","systematic_review","28504303"
"2001","systematic_review","28501338"
"2002","systematic_review","28498718"
"2003","systematic_review","28498643"
"2004","systematic_review","28495070"
"2005","systematic_review","28493371"
"2006","systematic_review","28489726"
"2007","systematic_review","28485889"
"2008","systematic_review","28485090"
"2009","systematic_review","28481395"
"2010","systematic_review","28479504"
"2011","systematic_review","28478043"
"2012","systematic_review","28474555"
"2013","systematic_review","28474468"
"2014","systematic_review","28471486"
"2015","systematic_review","28471241"
"2016","systematic_review","28467677"
"2017","systematic_review","28467010"
"2018","systematic_review","28466256"
"2019","systematic_review","28463896"
"2020","systematic_review","28462711"
"2021","systematic_review","28460408"
"2022","systematic_review","28459601"
"2023","systematic_review","28452127"
"2024","systematic_review","28449312"
"2025","systematic_review","28446069"
"2026","systematic_review","28437313"
"2027","systematic_review","28432855"
"2028","systematic_review","28425615"
"2029","systematic_review","28413135"
"2030","systematic_review","28412063"
"2031","systematic_review","28411874"
"2032","systematic_review","28409200"
"2033","systematic_review","28408177"
"2034","systematic_review","28403788"
"2035","systematic_review","28402089"
"2036","systematic_review","28394718"
"2037","systematic_review","28374345"
"2038","systematic_review","28371512"
"2039","systematic_review","28368689"
"2040","systematic_review","28365891"
"2041","systematic_review","28361453"
"2042","systematic_review","28359602"
"2043","systematic_review","28359181"
"2044","systematic_review","28358567"
"2045","systematic_review","28355084"
"2046","systematic_review","28343611"
"2047","systematic_review","28342094"
"2048","systematic_review","28341139"
"2049","systematic_review","28340066"
"2050","systematic_review","28338214"
"2051","systematic_review","28337926"
"2052","systematic_review","28328700"
"2053","systematic_review","28325502"
"2054","systematic_review","28318756"
"2055","systematic_review","28303438"
"2056","systematic_review","28296164"
"2057","systematic_review","28291667"
"2058","systematic_review","28282734"
"2059","systematic_review","28258885"
"2060","systematic_review","28243796"
"2061","systematic_review","28240415"
"2062","systematic_review","28231630"
"2063","systematic_review","28223305"
"2064","systematic_review","28209517"
"2065","systematic_review","28202233"
"2066","systematic_review","28196776"
"2067","systematic_review","28190300"
"2068","systematic_review","28186450"
"2069","systematic_review","28176647"
"2070","systematic_review","28151093"
"2071","systematic_review","28145786"
"2072","systematic_review","28140653"
"2073","systematic_review","28134475"
"2074","systematic_review","28128692"
"2075","systematic_review","28125298"
"2076","systematic_review","28117006"
"2077","systematic_review","28105868"
"2078","systematic_review","28102100"
"2079","systematic_review","28096482"
"2080","systematic_review","28095650"
"2081","systematic_review","28089501"
"2082","systematic_review","28084666"
"2083","systematic_review","28082032"
"2084","systematic_review","28081637"
"2085","systematic_review","28073886"
"2086","systematic_review","28072612"
"2087","systematic_review","28068463"
"2088","systematic_review","28060208"
"2089","systematic_review","28058560"
"2090","systematic_review","28032265"
"2091","systematic_review","28027916"
"2092","systematic_review","28011402"
"2093","systematic_review","28003241"
"2094","systematic_review","28002983"
"2095","systematic_review","28000421"
"2096","systematic_review","27960573"
"2097","systematic_review","27943551"
"2098","systematic_review","27943227"
"2099","systematic_review","27929611"
"2100","systematic_review","27925499"
"2101","systematic_review","27903956"
"2102","systematic_review","27901341"
"2103","systematic_review","27898248"
"2104","systematic_review","27891723"
"2105","systematic_review","27881429"
"2106","systematic_review","27871193"
"2107","systematic_review","27848255"
"2108","systematic_review","27799282"
"2109","systematic_review","27797873"
"2110","systematic_review","27780893"
"2111","systematic_review","27779428"
"2112","systematic_review","27769993"
"2113","systematic_review","27760883"
"2114","systematic_review","27746086"
"2115","systematic_review","27733643"
"2116","systematic_review","27709376"
"2117","systematic_review","27673506"
"2118","systematic_review","27670375"
"2119","systematic_review","27663681"
"2120","systematic_review","27650163"
"2121","systematic_review","27580614"
"2122","systematic_review","29074120"
"2123","systematic_review","27537068"
"2124","systematic_review","27483210"
"2125","systematic_review","27461181"
"2126","systematic_review","27362526"
"2127","systematic_review","27341327"
"2128","systematic_review","27339197"
"2129","systematic_review","27337530"
"2130","systematic_review","27328801"
"2131","systematic_review","27328740"
"2132","systematic_review","27179060"
"2133","systematic_review","27133083"
"2134","systematic_review","27117001"
"2135","systematic_review","27093581"
"2136","systematic_review","27059167"
"2137","systematic_review","27053222"
"2138","systematic_review","27018650"
"2139","systematic_review","27009829"
"2140","systematic_review","26953666"
"2141","systematic_review","26951190"
"2142","systematic_review","26935131"
"2143","systematic_review","26906086"
"2144","systematic_review","26865497"
"2145","systematic_review","26787096"
"2146","systematic_review","26773334"
"2147","systematic_review","26764265"
"2148","systematic_review","28322634"
"2149","systematic_review","28301904"
"2150","systematic_review","28273750"
"2151","systematic_review","26656735"
"2152","systematic_review","26656487"
